Année;Zone;Région;Numéro;Département;Catégorie;Feux d'habitations-bureaux;dont feux de cheminées;Feux d'ERP avec local à sommeil;Feux d'ERP sans local à sommeil;Feux de locaux industriels;Feux de locaux artisanaux;Feux de locaux agricoles;Feux sur voie publique;Feux de véhicules;Feux de végétations;Autres feux;Incendies;Accidents sur lieux de travail;Accidents à domicile;Accidents de sport;Accidents sur voie publique;Secours en montagne;Malaises sur lieux de travail;Malaises à domicile : urgence vitale;Malaises à domicile : carence;Malaises en sport;Malaises sur voie publique;Autolyses;Secours en piscines ou eaux intérieures;Secours en mer (FDSM);Intoxications;dont intoxications au CO;Autres SAV;Secours à victime;Relevage de personnes;Recherche de personnes;Aides à personne;Secours à personne;Accidents routiers;Accidents ferroviaires;Accidents aériens;Accidents de navigation;Accidents de téléportage;Accidents de circulation;Odeurs - fuites de gaz;Odeurs (autres que gaz);Fait dus à l'électricité;Pollutions - contaminations;Autres risques technologiques;Risques technologiques;Fuites d'eau;Inondations;Ouvertures de portes;Recherches d'objets;Bruits suspects;Protection des biens;Fausses alertes;dont Téléalarmes;Faits d'animaux (hors hyménoptères);Hyménoptères;Dégagements de voies publiques;Nettoyages de voies publiques;Éboulements;Déposes d'objets;Piquets de sécurité - surveillances;Engins explosifs;Autres opérations diverses;Divers;Opérations diverses;Total interventions
2014;Sud-est;PACA;BMPM;Bouches-du-Rhône;;557;3;36;145;52;0;0;1 668;1 482;1 205;0;5 145;2 816;10 213;1 076;11 991;69;2 105;6 264;21 876;113;16 315;1 893;17;64;879;0;0;75 691;4 995;1 593;6 588;82 279;6 276;14;0;79;0;6 369;785;405;647;15;0;1 852;1 508;108;109;1 401;22;3 148;4 563;0;254;202;547;407;17;0;788;36;514;7 328;10 476;106 121
2014;Île-de-France;Île-de-France;BSPP;Paris;;3 944;68;114;643;116;12;3;4 322;3 386;125;415;13 080;8 722;17 414;3 209;25 202;0;22 245;26 678;80 035;2 220;70 367;0;570;0;30 819;95;51 641;339 122;14 375;13 747;28 122;367 244;22 021;41;2;41;0;22 105;2 700;35;929;170;233;4 067;1 273;986;4 310;33;162;6 764;6 353;0;1 085;423;29;282;60;1 162;6;14;20 188;29 602;36 366;442 862
2014;Sud-est;Rhône-Alpes;1;Ain;2;634;295;30;1;48;23;4;388;447;347;240;2 162;100;4 509;120;3 878;1;143;4 904;4 034;0;4 204;821;24;0;0;0;1 016;23 754;1 980;7;1 987;25 741;2 341;5;4;3;0;2 353;214;0;7;20;12;253;0;933;0;0;0;933;51;0;341;1 815;98;1;11;64;0;0;779;3 160;4 093;34 602
2014;Nord;Picardie;2;Aisne;2;900;399;30;45;54;0;41;550;465;259;102;2 446;242;2 078;516;2 465;0;259;10 206;3 833;27;3 554;589;14;0;20;2;0;23 803;3;3 701;3 704;27 507;1 992;2;4;0;0;1 998;257;98;0;36;12;403;441;114;343;0;0;898;0;0;510;335;69;0;5;102;0;2;0;1 023;1 921;34 275
2014;Sud-est;Auvergne;3;Allier;3;485;304;2;25;14;8;36;62;198;141;222;1 193;521;2 331;351;1 431;0;1 516;2 701;2 319;24;2 770;748;14;0;24;24;0;14 750;2 501;0;2 501;17 251;1 632;2;3;0;0;1 637;151;70;64;12;0;297;197;590;292;2;0;1 081;34;2;163;35;89;30;2;45;0;0;281;679;1 760;22 138
2014;Sud;PACA;4;Alpes-de-Haute-Provence;4;180;119;6;10;0;7;4;84;122;188;320;921;227;798;326;910;117;106;1 033;1 656;0;1 451;142;6;0;132;5;1 452;8 356;422;21;443;8 799;1 066;1;13;0;0;1 080;64;26;20;10;0;120;105;126;106;48;0;385;56;0;179;242;21;17;0;0;168;0;396;1 079;1 464;12 384
2014;Sud;PACA;5;Hautes-Alpes;5;215;124;0;23;5;0;5;112;57;185;26;628;245;322;476;1 263;85;155;2 127;331;0;1 843;157;8;0;1;0;70;7 083;477;22;499;7 582;795;3;8;3;0;809;62;29;6;11;0;108;53;121;172;0;0;346;0;0;159;131;34;0;1;0;305;0;10;640;986;10 113
2014;Sud;PACA;6;Alpes-Maritimes;1;872;168;29;39;13;16;3;950;712;940;251;3 825;3 442;17 188;211;17 697;20;2 479;13 807;10 005;6;21 579;2 732;6;68;116;68;0;89 356;190;2 416;2 606;91 962;8 042;12;4;20;2;8 080;675;605;403;69;28;1 780;0;2 560;658;11;1 592;4 821;378;0;1 194;826;1 259;438;353;16;0;27;3 222;7 713;12 534;118 181
2014;Sud-est;Rhône-Alpes;7;Ardèche;3;420;178;8;19;16;10;6;174;190;348;244;1 435;181;0;104;0;0;0;18 203;730;0;0;479;21;0;5;5;0;19 723;0;34;34;19 757;1 344;1;2;3;0;1 350;99;50;0;33;0;182;1;1 486;50;0;0;1 537;514;0;240;151;152;21;38;0;370;0;230;1 716;3 253;25 977
2014;Est;Champagne-Ardenne;8;Ardennes;4;552;333;4;17;41;1;23;391;245;139;21;1 434;81;2 099;283;1 723;0;47;2 304;643;23;2 251;210;21;0;7;7;0;9 692;1;1;2;9 694;856;4;0;1;0;861;131;99;0;19;35;284;183;49;14;2;0;248;558;0;281;283;12;4;3;29;278;0;313;1 761;2 009;14 282
2014;Sud-ouest;Midi-Pyrénées;9;Ariège;5;260;176;4;4;19;0;13;68;104;274;89;835;412;1 197;294;763;13;176;787;667;0;1 285;72;15;0;134;0;12;5 827;973;2;975;6 802;688;4;0;0;0;692;47;0;17;7;0;71;57;158;43;0;0;258;0;0;100;128;15;0;10;48;0;0;429;730;988;9 388
2014;Est;Champagne-Ardenne;10;Aube;4;684;160;46;0;74;1;132;182;232;270;0;1 621;272;2 824;108;1 288;0;144;2 566;1 586;18;1 824;334;16;0;188;0;0;11 168;490;0;490;11 658;1 256;0;0;0;0;1 256;166;0;28;10;0;204;486;0;56;66;0;608;0;0;254;666;12;2;8;34;0;0;298;1 274;1 882;16 621
2014;Sud;Languedoc-Roussillon;11;Aude;3;1 378;399;13;84;10;2;114;476;455;2 471;169;5 172;486;5 402;709;2 979;17;132;6 236;1 041;0;3 284;845;16;32;477;37;146;21 802;272;68;340;22 142;4 498;7;2;189;0;4 696;206;20;179;8;12;425;0;551;145;446;0;1 142;206;0;342;256;44;0;27;0;596;12;505;1 988;3 130;35 565
2014;Sud-ouest;Midi-Pyrénées;12;Aveyron;4;315;229;7;5;12;8;47;75;125;152;187;933;414;1 017;486;1 504;3;663;2 481;713;40;913;64;8;0;40;28;747;9 093;487;46;533;9 626;1 145;3;0;0;0;1 148;82;43;8;20;2;155;72;634;45;2;3;756;25;11;126;117;16;3;0;19;3;0;91;400;1 156;13 018
2014;Sud;PACA;13;Bouches-du-Rhône;1;1 023;234;38;194;121;13;12;1 554;1 449;2 117;2;6 523;3 590;16 900;3 336;10 753;129;2 122;31 761;6 710;40;14 785;85;23;15;1 361;21;0;91 610;1 603;114;1 717;93 327;7 707;14;9;41;0;7 771;308;393;27;110;0;838;1 209;575;947;0;9;2 740;4 113;132;2 741;333;437;0;76;470;0;16;4 304;12 490;15 230;123 689
2014;Ouest;Basse-Normandie;14;Calvados;2;845;404;4;8;105;12;58;332;455;300;256;2 375;804;3 130;147;4 415;0;496;239;9 667;33;2 818;179;24;32;795;15;3 079;25 858;846;1;847;26 705;2 807;5;6;12;0;2 830;356;176;86;42;2;662;668;178;241;0;0;1 087;1 195;1 195;361;2 451;66;7;10;135;47;4;274;4 550;5 637;38 209
2014;Sud-est;Auvergne;15;Cantal;5;221;188;0;5;1;0;30;2;61;63;153;536;164;789;256;770;3;88;1 586;378;11;1 213;119;3;0;26;2;142;5 548;373;3;376;5 924;482;0;0;1;0;483;30;46;0;3;0;79;0;224;0;1;0;225;10;10;49;63;0;0;0;0;2;0;390;514;739;7 761
2014;Sud-ouest;Poitou-Charentes;16;Charente;3;456;260;4;29;63;0;26;86;224;98;250;1 236;433;660;571;1 340;0;132;4 172;93;0;1 451;0;20;0;12;12;0;8 884;56;5;61;8 945;1 323;0;1;0;0;1 324;122;39;0;16;0;177;452;0;6;0;0;458;0;0;282;503;295;0;2;102;0;0;443;1 627;2 085;13 767
2014;Sud-ouest;Poitou-Charentes;17;Charente-Maritime;2;556;281;23;26;27;19;29;257;397;314;840;2 488;1 032;3 825;966;4 054;0;676;10 679;2 760;85;5 228;1 059;23;66;336;21;0;30 789;2 212;100;2 312;33 101;3 589;4;5;19;0;3 617;149;182;56;38;0;425;313;383;105;6;3;810;414;72;575;82;143;20;16;75;520;2;870;2 717;3 527;43 158
2014;Ouest;Centre;18;Cher;3;470;271;8;6;15;0;34;276;286;223;340;1 658;685;957;0;3 409;0;686;4 727;647;0;1 934;656;10;0;21;21;0;13 732;1 241;34;1 275;15 007;1 385;3;2;0;0;1 390;120;111;9;12;1;253;377;341;33;0;0;751;0;0;383;411;0;22;4;27;71;2;397;1 317;2 068;20 376
2014;Sud-ouest;Limousin;19;Corrèze;4;402;249;8;7;10;8;26;87;141;113;97;899;0;472;414;395;0;0;1 361;1 346;0;3 124;415;13;0;19;14;0;7 559;3 077;4;3 081;10 640;1 236;1;0;0;0;1 237;80;48;0;12;0;140;193;53;23;0;0;269;0;0;233;308;83;0;4;0;38;1;255;922;1 191;14 107
2014;Est;Bourgogne;21;Côte-d'Or;3;566;356;8;22;27;0;20;170;378;363;453;2 007;339;1 709;0;2 692;0;108;7 182;1 226;0;2 305;381;15;0;28;27;305;16 290;585;7;592;16 882;2 199;4;5;2;0;2 210;260;168;45;34;7;514;445;965;0;0;0;1 410;0;0;169;279;29;0;6;104;7;0;362;956;2 366;23 979
2014;Ouest;Bretagne;22;Côtes-d'Armor;2;1 373;310;106;37;60;18;62;123;254;333;410;2 776;768;3 416;851;2 219;0;483;7 056;6 379;107;4 791;456;21;96;323;11;0;26 966;793;8;801;27 767;2 325;1;2;10;0;2 338;154;27;86;41;54;362;224;780;437;58;10;1 509;27;0;301;158;461;27;41;103;100;1;443;1 662;3 171;36 414
2014;Sud-ouest;Limousin;23;Creuse;5;227;186;0;0;0;8;12;45;59;79;120;550;131;664;145;229;0;240;453;2 731;268;240;124;4;0;17;4;0;5 246;844;0;844;6 090;503;0;0;0;0;503;20;27;11;14;0;72;36;58;39;0;0;133;10;0;36;77;9;0;12;10;50;0;0;204;337;7 552
2014;Sud-ouest;Aquitaine;24;Dordogne;3;706;450;5;4;62;6;22;117;208;337;281;1 748;482;2 861;0;2 417;0;324;4 622;1 739;0;2 823;52;28;0;25;25;999;16 372;1 973;11;1 984;18 356;2 106;1;6;0;0;2 113;210;50;0;22;0;282;52;360;46;3;4;465;0;0;331;314;704;14;8;60;0;1;487;1 919;2 384;24 883
2014;Est;Franche-Comté;25;Doubs;2;901;295;3;41;127;3;46;409;469;266;251;2 516;511;0;587;1 801;54;0;9 117;1 604;0;0;761;27;0;175;37;6 321;20 958;2 186;6;2 192;23 150;2 300;1;8;0;0;2 309;478;0;0;47;0;525;451;0;733;136;0;1 320;15;15;390;223;22;0;63;34;0;0;161;908;2 228;30 728
2014;Sud-est;Rhône-Alpes;26;Drôme;2;571;219;7;50;66;0;27;393;762;585;434;2 895;956;1 301;1 448;1 856;16;0;5 599;423;0;4 533;271;54;0;23;3;2 655;19 135;21;14;35;19 170;2 338;1;2;7;0;2 348;245;50;0;13;0;308;641;20;1 974;0;0;2 635;0;0;295;316;93;0;14;127;110;0;450;1 405;4 040;28 761
2014;Ouest;Haute-Normandie;27;Eure;2;898;392;6;57;55;0;54;536;454;402;266;2 728;0;4 908;0;7 625;0;0;6 837;2 309;0;9 169;0;0;0;35;33;0;30 883;1 248;0;1 248;32 131;2 632;0;0;1;0;2 633;325;0;0;12;100;437;0;998;97;0;0;1 095;74;74;299;364;583;0;8;0;0;0;520;1 848;2 943;40 872
2014;Ouest;Centre;28;Eure-et-Loir;3;636;270;0;50;39;0;11;305;348;322;0;1 711;395;1 199;294;0;0;521;7 762;1 430;208;5 917;0;8;0;11;11;0;17 745;49;2;51;17 796;2 188;5;3;0;0;2 196;335;1;28;30;0;394;153;176;58;0;0;387;127;0;249;185;4;0;9;52;30;0;742;1 398;1 785;23 882
2014;Ouest;Bretagne;29;Finistère;2;1 035;402;36;34;21;13;58;526;464;325;548;3 060;0;4 533;0;7 474;0;0;6 359;2 878;0;10 355;589;21;134;128;34;383;32 854;3 128;70;3 198;36 052;2 882;5;8;64;0;2 959;292;29;0;82;1;404;471;2 549;199;0;0;3 219;44;37;557;850;1 973;41;6;0;0;20;1 994;5 485;8 704;51 179
2014;Sud;Corse;2a;Corse-du-Sud;4;219;100;2;8;6;7;2;117;165;665;163;1 354;28;0;27;966;102;0;6 283;633;0;26;68;11;31;3;3;3;8 181;1 151;66;1 217;9 398;1 259;0;3;9;0;1 271;66;63;25;5;0;159;12;181;246;6;2;447;10;0;139;85;35;2;14;6;232;9;650;1 182;1 629;13 811
2014;Sud;Corse;2b;Haute-Corse;4;144;70;2;3;3;4;4;200;273;683;73;1 389;202;938;224;1 164;95;202;2 156;988;30;1 685;209;16;50;12;3;543;8 514;424;17;441;8 955;1 064;0;2;4;0;1 070;52;48;26;4;0;130;25;224;47;1;0;297;770;0;120;14;49;39;6;55;182;2;735;1 972;2 269;13 813
2014;Sud;Languedoc-Roussillon;30;Gard;1;732;206;15;41;60;0;21;639;983;1 437;296;4 224;1 091;0;187;12 823;0;0;15 219;3 313;0;0;940;23;7;196;32;95;33 894;2 353;9;2 362;36 256;4 334;9;2;10;0;4 355;298;156;22;36;0;512;131;498;2 584;147;4;3 364;566;0;855;321;524;0;9;0;1 296;1;591;4 163;7 527;52 874
2014;Sud-ouest;Midi-Pyrénées;31;Haute-Garonne;1;892;358;16;57;20;20;29;511;1 197;604;1 472;4 818;827;6 213;1 894;7 910;10;827;7 268;3 638;89;7 730;612;60;0;265;84;1 476;38 819;2 416;16;2 432;41 251;4 360;1;4;0;0;4 365;437;289;50;19;0;795;0;1 068;212;0;0;1 280;0;0;286;115;0;0;219;0;32;40;943;1 635;2 915;54 144
2014;Sud-ouest;Midi-Pyrénées;32;Gers;5;258;169;5;14;9;2;38;45;108;212;111;802;260;1 207;455;824;0;85;612;1 136;4;1 028;90;7;0;66;6;930;6 704;516;4;520;7 224;1 019;1;2;1;0;1 023;45;34;34;12;0;125;335;100;243;0;0;678;389;331;290;223;133;8;4;40;217;1;327;1 632;2 310;11 484
2014;Sud-ouest;Aquitaine;33;Gironde;1;1 636;370;374;0;65;0;0;1 008;1 005;406;1 551;6 045;1 649;9 372;0;18 327;0;0;38 783;0;0;473;2 268;175;34;116;94;0;71 197;7 174;57;7 231;78 428;6 917;7;0;57;0;6 981;970;394;630;39;0;2 033;2 104;14;173;21;33;2 345;1 749;1 749;800;57;63;19;41;281;3;9;872;3 894;6 239;99 726
2014;Sud;Languedoc-Roussillon;34;Hérault;1;705;2;23;53;210;0;22;711;1 014;2 994;420;6 152;621;1 889;622;12 074;5;154;10 000;17 046;0;4 297;629;100;45;1 156;16;804;49 442;3 418;52;3 470;52 912;4 460;18;4;49;0;4 531;542;69;71;26;0;708;507;1 942;811;65;0;3 325;1 450;1 450;1 110;448;111;0;413;0;142;21;1 078;4 773;8 098;72 401
2014;Ouest;Bretagne;35;Ille-et-Vilaine;1;1 012;544;15;54;54;0;44;209;473;321;791;2 973;737;7 124;494;8 109;0;256;5 696;2 215;48;2 871;1 432;57;18;1 092;0;0;30 149;2 244;1 665;3 909;34 058;3 366;5;1;27;0;3 399;297;174;0;62;0;533;657;519;607;12;0;1 795;520;75;346;106;424;0;7;0;0;7;764;2 174;3 969;44 932
2014;Ouest;Centre;36;Indre;4;416;239;2;42;15;0;20;129;192;137;102;1 055;168;780;350;1 009;0;112;1 692;57;34;1 368;189;5;0;4;3;4;5 772;852;3;855;6 627;950;5;1;0;0;956;100;29;0;8;8;145;134;331;156;2;1;624;0;0;221;2 156;157;13;2;10;0;0;115;2 674;3 298;12 081
2014;Ouest;Centre;37;Indre-et-Loire;2;707;353;3;69;23;0;18;197;432;176;476;2 101;895;3 373;843;3 428;0;465;2 516;3 344;115;5 718;383;33;0;13;9;0;21 126;2 971;0;2 971;24 097;2 778;0;0;0;0;2 778;238;52;0;30;8;328;503;333;363;0;6;1 205;4;0;365;3;315;2;5;31;2;1;599;1 327;2 532;31 836
2014;Sud-est;Rhône-Alpes;38;Isère;1;1 373;586;9;10;57;6;72;1 440;1 677;542;753;5 939;1 186;0;0;0;1;0;26 185;2 757;0;14 613;0;52;0;61;0;0;44 855;6 628;20;6 648;51 503;4 460;13;0;0;0;4 473;699;0;0;98;8;805;1 699;971;0;0;0;2 670;84;0;791;1 123;177;0;112;50;27;1;914;3 279;5 949;68 669
2014;Est;Franche-Comté;39;Jura;4;557;373;5;20;14;3;35;170;150;161;123;1 238;429;0;536;1 345;47;316;4 078;2 181;0;1 933;53;14;0;8;8;0;10 940;903;0;903;11 843;1 173;3;0;2;0;1 178;114;81;0;16;0;211;238;32;127;8;0;405;0;0;94;77;19;10;1;45;0;0;209;455;860;15 330
2014;Sud-ouest;Aquitaine;40;Landes;3;483;217;8;22;27;9;32;189;228;331;100;1 429;588;533;639;3 803;0;420;6 706;3 730;28;2 938;610;21;45;0;0;0;20 061;744;655;1 399;21 460;274;0;0;1;0;275;146;20;76;17;3;262;987;0;72;0;0;1 059;0;0;346;151;245;0;67;0;0;3;894;1 706;2 765;26 191
2014;Ouest;Centre;41;Loir-et-Cher;3;523;325;11;15;16;8;22;150;314;211;63;1 333;653;2 188;508;1 581;0;475;4 339;484;45;2 410;475;8;0;5;1;23;13 194;1 479;4;1 483;14 677;1 675;4;1;0;0;1 680;121;65;44;25;7;262;101;340;100;5;0;546;708;103;281;557;165;1;1;35;72;1;133;1 954;2 500;20 452
2014;Sud-est;Rhône-Alpes;42;Loire;1;784;256;28;56;68;16;58;637;755;384;59;2 845;1 347;5 893;1 207;5 270;0;845;9 492;1 076;64;6 887;1 611;28;0;37;37;49;33 806;1 984;4;1 988;35 794;2 593;4;1;0;0;2 598;357;349;0;6;2;714;763;601;153;12;0;1 529;1;0;714;3 295;114;22;10;129;520;0;1 334;6 139;7 668;49 619
2014;Sud-est;Auvergne;43;Haute-Loire;4;330;203;1;4;8;12;15;34;87;176;125;792;0;0;0;0;15;0;1 334;4 487;0;3 191;0;7;0;0;0;914;9 948;0;13;13;9 961;845;0;0;0;0;845;76;46;0;7;1;130;134;0;19;0;0;153;96;96;69;69;7;3;0;18;33;0;380;675;828;12 556
2014;Ouest;Pays de la Loire;44;Loire-Atlantique;1;1 062;455;35;67;78;15;40;565;1 132;655;1 097;4 746;1 829;6 392;1 550;5 932;0;1 551;8 217;1 808;0;7 557;1 147;48;36;85;57;3 273;39 425;3 612;140;3 752;43 177;5 854;9;1;67;0;5 931;644;73;67;110;74;968;673;730;278;40;9;1 730;278;0;580;16;88;5;15;100;0;0;946;2 028;3 758;58 580
2014;Ouest;Centre;45;Loiret;2;971;397;49;55;33;47;29;196;520;265;342;2 507;597;4 400;952;3 099;0;252;5 844;4 623;94;3 856;720;33;0;44;32;0;24 514;2 589;2;2 591;27 105;2 703;9;4;0;0;2 716;299;0;0;13;19;331;254;1 500;521;1;0;2 276;0;0;321;504;363;0;28;0;0;0;258;1 474;3 750;36 409
2014;Sud-ouest;Midi-Pyrénées;46;Lot;5;361;187;4;11;3;6;29;76;105;152;0;747;249;2 581;424;1 025;0;151;783;1 113;0;949;85;9;0;20;0;0;7 389;372;13;385;7 774;812;1;4;8;0;825;60;3;0;7;0;70;80;62;0;0;3;145;0;0;99;52;28;0;0;27;7;0;80;293;438;9 854
2014;Sud-ouest;Aquitaine;47;Lot-et-Garonne;3;360;160;20;28;33;0;35;101;187;427;195;1 386;358;2 684;547;1 657;0;299;3 841;2 533;0;3 176;301;18;0;453;16;16;15 883;950;39;989;16 872;1 828;2;0;10;0;1 840;110;0;28;10;85;233;131;117;62;11;0;321;746;746;295;423;266;0;7;48;113;4;634;2 536;2 857;23 188
2014;Sud;Languedoc-Roussillon;48;Lozère;5;138;93;2;0;0;0;5;13;41;89;104;392;32;771;215;461;0;0;1 650;83;0;803;68;1;0;0;0;0;4 084;95;8;103;4 187;368;0;2;0;0;370;13;19;19;1;0;52;21;48;6;13;0;88;7;7;48;11;0;0;0;13;224;0;129;432;520;5 521
2014;Ouest;Pays de la Loire;49;Maine-et-Loire;2;721;354;0;49;68;0;44;280;440;350;535;2 487;185;913;0;4 167;0;440;6 776;1 064;0;7 409;120;38;0;425;21;3 408;24 945;2 248;4;2 252;27 197;3 039;4;2;18;0;3 063;240;158;82;36;3;519;1 061;136;339;0;0;1 536;359;359;796;178;439;34;12;82;4;4;280;2 188;3 724;36 990
2014;Ouest;Basse-Normandie;50;Manche;2;668;463;9;13;25;0;49;58;205;192;251;1 470;0;2 803;796;3 729;0;0;7 438;1 897;52;4 680;1 429;25;65;19;19;2 552;25 485;2 135;2;2 137;27 622;2 041;1;0;3;0;2 045;136;0;130;40;5;311;379;231;150;0;0;760;195;123;413;690;187;0;14;234;123;13;682;2 551;3 311;34 759
2014;Est;Champagne-Ardenne;51;Marne;2;623;248;20;38;40;8;26;516;549;340;413;2 573;605;2 374;606;3 034;0;384;4 587;1 809;28;3 515;583;14;0;82;16;0;17 621;1 417;9;1 426;19 047;1 787;2;1;0;0;1 790;217;96;47;16;52;428;519;43;181;0;0;743;1 450;84;277;367;7;4;6;81;0;1;379;2 572;3 315;27 153
2014;Est;Champagne-Ardenne;52;Haute-Marne;4;434;262;2;17;46;0;41;86;164;152;43;985;99;1 850;58;1 132;0;112;2 575;1 115;10;1 723;265;2;0;67;5;54;9 062;32;22;54;9 116;799;0;0;1;0;800;77;31;0;27;7;142;130;103;26;0;0;259;32;0;255;1 835;56;7;0;57;26;1;200;2 469;2 728;13 771
2014;Ouest;Pays de la Loire;53;Mayenne;4;331;190;0;12;27;0;37;0;119;106;187;819;497;2 127;0;2 304;0;0;3 621;0;0;0;666;9;0;2;2;878;10 104;338;0;338;10 442;891;0;0;1;0;892;36;0;0;21;1;58;82;106;61;0;0;249;492;0;53;0;0;0;3;0;15;0;175;738;987;13 198
2014;Est;Lorraine;54;Meurthe-et-Moselle;2;506;260;9;30;23;5;16;716;400;369;636;2 710;963;3 385;864;3 051;0;930;7 510;8 239;81;4 922;605;16;0;43;43;2 014;32 623;511;70;581;33 204;2 302;8;2;0;0;2 312;295;298;38;58;0;689;906;78;239;19;13;1 255;193;0;210;1 221;36;8;9;106;63;0;1 054;2 900;4 155;43 070
2014;Est;Lorraine;55;Meuse;4;289;193;1;9;8;11;24;65;124;131;177;839;25;470;16;901;0;1;2 065;1 922;0;913;134;0;0;14;0;0;6 461;291;2;293;6 754;715;0;4;1;0;720;83;63;49;27;0;222;0;157;23;0;0;180;0;0;163;156;0;0;2;13;0;0;23;357;537;9 072
2014;Ouest;Bretagne;56;Morbihan;2;891;457;16;26;60;0;59;129;331;330;734;2 576;0;0;0;0;0;0;0;1 339;0;0;605;27;48;14;0;25 644;27 677;2 408;62;2 470;30 147;2 723;5;2;203;0;2 933;150;162;0;35;0;347;9;2 382;0;4;0;2 395;0;0;595;1 085;1 258;0;14;0;0;0;606;3 558;5 953;41 956
2014;Est;Lorraine;57;Moselle;1;1 043;521;27;42;54;0;31;797;831;853;706;4 384;4 568;3 953;0;14 814;0;0;5 887;11 529;0;11 893;546;18;0;4 194;63;0;57 402;0;0;0;57 402;3 019;10;3;5;0;3 037;746;178;112;114;0;1 150;2 267;25;531;0;0;2 823;284;62;752;10 810;0;0;14;262;630;0;4 578;17 330;20 153;86 126
2014;Est;Bourgogne;58;Nièvre;4;350;273;7;10;9;7;12;151;153;148;205;1 052;365;1 339;296;1 259;0;128;4 119;1 374;9;1 516;559;8;0;7;4;0;10 979;2 816;26;2 842;13 821;1 036;2;2;2;0;1 042;93;0;26;16;9;144;202;224;37;10;0;473;22;18;192;318;76;14;1;19;37;3;229;911;1 384;17 443
2014;Nord;Nord - Pas-de-Calais;59;Nord;1;2 659;796;5;389;170;17;65;4 339;3 277;852;116;11 889;4 497;16 626;3 338;18 948;0;3 459;38 390;4 402;0;28 109;4 246;106;14;257;250;0;122 392;8 347;18;8 365;130 757;7 608;3;5;5;0;7 621;1 162;1 360;0;101;0;2 623;964;1 696;6 723;0;0;9 383;96;0;2 819;0;0;10;90;1 932;0;89;1 630;6 666;16 049;168 939
2014;Nord;Picardie;60;Oise;1;795;395;7;24;61;0;20;244;1 092;345;770;3 358;1 350;6 848;1 032;5 157;0;902;4 360;14 645;68;6 750;1 890;20;0;73;17;1 512;44 607;1 319;0;1 319;45 926;3 393;10;3;2;0;3 408;243;302;0;31;0;576;323;1 012;162;0;0;1 497;219;0;683;949;482;65;4;98;4;0;2 598;5 102;6 599;59 867
2014;Ouest;Basse-Normandie;61;Orne;4;482;299;6;21;30;11;31;93;217;139;148;1 178;171;1 318;89;457;0;178;6 115;1 193;0;302;239;1;0;193;9;1 013;11 269;144;1;145;11 414;1 298;1;4;0;0;1 303;51;54;64;22;13;204;113;180;47;0;0;340;0;0;127;64;18;0;6;33;38;0;163;449;789;14 888
2014;Nord;Nord - Pas-de-Calais;62;Pas-de-Calais;1;1 559;820;24;59;64;26;54;1 187;1 215;1 012;2 575;7 775;2 553;12 900;751;9 902;0;2 096;34 991;5 642;136;11 350;6 947;33;72;1 485;39;1 101;89 959;1 854;42;1 896;91 855;5 347;9;10;6;0;5 372;272;671;25;108;0;1 076;570;374;722;49;0;1 715;2 315;297;482;1 414;99;12;1;648;3;116;721;5 811;7 526;113 604
2014;Sud-est;Auvergne;63;Puy-de-Dôme;2;918;401;10;18;31;0;31;409;535;441;239;2 632;1 381;6 226;1 261;3 998;0;855;6 993;1 196;0;5 545;1 098;15;0;41;38;0;28 609;6 053;13;6 066;34 675;2 583;16;2;0;0;2 601;233;264;0;24;0;521;15;1 228;1 506;0;0;2 749;0;0;294;3 489;145;42;9;107;296;4;1 115;5 501;8 250;48 679
2014;Sud-ouest;Aquitaine;64;Pyrénées-Atlantiques;2;558;202;11;53;49;8;39;393;323;320;281;2 035;902;3 262;1 299;3 890;116;752;4 088;996;0;6 048;815;22;11;52;40;0;22 253;3 325;39;3 364;25 617;3 046;3;2;23;1;3 075;341;122;279;19;1;762;118;2 300;261;0;4;2 683;0;0;506;5;0;1 097;8;95;24;26;1 036;2 797;5 480;36 969
2014;Sud-ouest;Midi-Pyrénées;65;Hautes-Pyrénées;4;310;191;10;14;13;0;14;65;125;180;161;892;358;1 601;546;2 002;155;340;1 453;3 119;22;3 164;307;7;0;17;17;104;13 195;727;2;729;13 924;1 021;5;1;0;0;1 027;68;91;0;9;0;168;506;55;247;4;0;812;0;0;187;159;18;0;9;168;166;3;21;731;1 543;17 554
2014;Sud;Languedoc-Roussillon;66;Pyrénées-Orientales;3;511;146;6;49;40;0;6;444;548;2 028;9;3 641;334;3 175;419;4 115;28;200;6 283;1 979;41;5 317;332;73;43;30;26;136;22 505;2 027;8;2 035;24 540;2 172;3;2;5;0;2 182;182;134;114;23;0;453;361;874;143;3;0;1 381;912;912;439;743;0;0;28;240;89;2;690;3 143;4 524;35 340
2014;Est;Alsace;67;Bas-Rhin;1;1 354;442;39;91;78;0;28;882;1 079;1 079;102;4 732;49;0;1 191;0;0;3 401;15 845;5 648;0;17 610;0;47;0;73;73;625;44 489;1 930;12;1 942;46 431;3 418;33;2;3;0;3 456;477;96;0;130;0;703;922;495;5;0;0;1 422;0;0;2 410;6 950;647;0;0;130;0;0;537;10 674;12 096;67 418
2014;Est;Alsace;68;Haut-Rhin;2;734;363;26;16;69;9;11;691;684;382;663;3 285;1 160;3 863;986;4 103;124;0;5 255;2 501;0;6 793;445;8;0;107;41;0;25 345;1 018;30;1 048;26 393;2 934;21;1;1;0;2 957;374;182;100;35;26;717;894;688;315;2;0;1 899;324;180;1 353;2 123;426;336;7;229;6;22;765;5 591;7 490;40 842
2014;Sud-est;Rhône-Alpes;69;Rhône;1;468;217;97;31;684;0;0;2 393;1 733;597;780;6 783;1 824;3 259;0;10 184;0;1 736;43 075;2 074;332;10 332;3 381;101;0;83;42;0;76 381;0;77;77;76 458;6 350;0;0;0;0;6 350;1 383;491;0;17;0;1 891;32;2 490;679;9;0;3 210;0;0;374;1 806;1 463;0;2;0;0;0;2 931;6 576;9 786;101 268
2014;Est;Franche-Comté;70;Haute-Saône;4;668;410;10;16;29;0;31;92;181;231;69;1 327;435;2 162;313;3 091;0;0;3 251;1 606;0;278;144;8;0;12;12;679;11 979;408;3;411;12 390;799;1;1;0;0;801;125;0;0;50;15;190;289;20;0;0;0;309;48;0;269;1 626;81;0;5;244;2;1;448;2 724;3 033;17 741
2014;Est;Bourgogne;71;Saône-et-Loire;2;1 658;627;6;46;62;0;36;243;455;157;238;2 901;0;0;0;0;0;0;9 158;2 309;0;11 076;0;44;0;70;70;361;23 018;83;7;90;23 108;2 608;0;3;0;0;2 611;268;21;0;18;20;327;0;0;0;0;0;0;0;0;425;548;92;0;0;672;58;0;1 176;2 971;2 971;31 918
2014;Ouest;Pays de la Loire;72;Sarthe;2;635;395;40;14;27;0;31;181;278;166;386;1 758;211;1 092;204;1 875;0;175;7 914;141;23;5 149;315;47;0;20;20;104;17 270;2 202;0;2 202;19 472;2 218;15;1;1;0;2 235;119;242;78;12;2;453;347;302;136;0;0;785;54;0;384;5 219;103;0;2;0;184;0;470;6 416;7 201;31 119
2014;Sud-est;Rhône-Alpes;73;Savoie;2;1 932;273;14;99;37;0;10;365;400;214;520;3 591;460;5 634;1 325;6 946;244;120;4 920;1 072;102;2 252;839;25;0;6;6;2 575;26 520;0;23;23;26 543;1 848;4;4;10;0;1 866;209;0;64;100;0;373;0;492;132;1;0;625;0;0;379;125;0;4;2;0;0;0;1 122;1 632;2 257;34 630
2014;Sud-est;Rhône-Alpes;74;Haute-Savoie;1;1 256;366;68;0;72;0;22;24;492;281;1 140;3 355;0;6 669;669;5 471;533;0;6 531;7 069;0;8 185;85;56;0;0;0;0;35 268;933;0;933;36 201;4 115;0;4;88;1;4 208;387;344;37;108;7;883;0;1 307;2 003;3;43;3 356;0;0;1 622;250;0;48;20;141;0;0;566;2 647;6 003;50 650
2014;Ouest;Haute-Normandie;76;Seine-Maritime;1;1 694;565;146;0;108;41;50;1 511;1 269;308;158;5 285;1 684;7 344;0;6 789;0;1 328;8 244;7 586;0;11 716;150;77;79;125;125;1 473;46 595;2 926;27;2 953;49 548;4 126;12;2;0;0;4 140;668;242;0;68;38;1 016;536;850;884;0;0;2 270;73;2;843;483;495;0;24;0;18;0;6 437;8 373;10 643;70 632
2014;Île-de-France;Île-de-France;77;Seine-et-Marne;1;1 231;453;26;84;30;0;21;1 689;1 359;353;770;5 563;5 824;0;0;21 414;0;0;41 050;6 500;0;0;2 203;46;0;2 282;64;9 229;88 548;2 611;40;2 651;91 199;5 172;22;7;9;0;5 210;338;605;105;73;0;1 121;998;1 396;2 413;0;0;4 807;0;0;265;4 362;32;0;1;65;0;2;0;4 727;9 534;112 627
2014;Île-de-France;Île-de-France;78;Yvelines;1;1 435;277;37;159;95;0;12;1 488;1 164;229;141;4 760;35;23 336;12;520;0;77;27 733;41;15;16 306;2 473;76;0;838;55;7 259;78 721;3 780;9;3 789;82 510;4 636;21;3;10;0;4 670;838;280;132;81;0;1 331;2 457;0;400;0;0;2 857;321;321;735;408;218;5;17;246;0;8;1 137;3 095;5 952;99 223
2014;Sud-ouest;Poitou-Charentes;79;Deux-Sèvres;3;331;186;6;11;21;5;48;63;178;189;296;1 148;168;2 043;66;3 854;0;223;3 560;412;0;532;615;19;0;10;3;0;11 502;883;609;1 492;12 994;1 557;2;0;0;0;1 559;88;76;0;10;14;188;156;412;73;5;0;646;108;69;228;34;57;1;7;15;3;0;55;508;1 154;17 043
2014;Nord;Picardie;80;Somme;2;755;365;7;22;35;7;56;629;599;264;349;2 723;28;1 521;665;7;0;817;10 346;3 091;0;9 575;532;22;20;161;43;0;26 785;1 744;14;1 758;28 543;2 484;4;1;12;0;2 501;276;62;109;25;1;473;140;619;157;5;3;924;0;0;215;531;70;0;33;179;8;23;404;1 463;2 387;36 627
2014;Sud-ouest;Midi-Pyrénées;81;Tarn;3;388;201;11;13;23;10;25;276;246;249;131;1 372;546;3 814;759;2 228;0;225;479;4 268;51;1 769;102;3;0;108;8;0;14 352;678;58;736;15 088;1 793;1;0;0;0;1 794;105;62;35;6;47;255;102;486;190;7;20;805;232;81;336;171;112;5;7;67;7;1;0;938;1 743;20 252
2014;Sud-ouest;Midi-Pyrénées;82;Tarn-et-Garonne;4;194;128;2;1;10;4;18;240;201;249;51;970;353;63;432;1 136;0;91;1 820;2 800;35;2 305;23;21;0;230;10;0;9 309;841;2;843;10 152;1 394;3;3;0;0;1 400;52;64;78;5;0;199;163;8;177;3;2;353;446;330;220;65;31;3;2;26;22;4;232;1 051;1 404;14 125
2014;Sud;PACA;83;Var;1;637;93;46;107;42;3;13;2 278;889;530;8;4 553;2 670;14 259;71;15 380;90;1 781;24 354;2 107;0;13 723;104;85;71;856;34;0;75 551;0;36;36;75 587;7 064;2;1;26;0;7 093;410;0;0;56;0;466;1 374;443;2 782;33;0;4 632;1 939;0;1 285;177;317;49;61;10;6;33;2 898;6 775;11 407;99 106
2014;Sud;PACA;84;Vaucluse;2;738;205;0;55;35;0;13;379;860;1 227;505;3 812;1 143;4 644;957;4 291;23;674;12 815;1 083;0;5 361;287;16;0;556;41;0;31 850;1 948;967;2 915;34 765;3 321;8;5;2;0;3 336;286;132;121;25;0;564;67;392;208;0;0;667;0;0;1 251;320;475;0;4;240;5;1;821;3 117;3 784;46 261
2014;Ouest;Pays de la Loire;85;Vendée;2;462;142;15;13;41;47;37;74;322;294;533;1 838;609;3 502;36;3 202;0;360;6 465;3 741;0;3 437;866;44;122;511;2;0;22 895;0;8;8;22 903;3 343;4;4;2;0;3 353;171;125;0;23;1;320;970;16;295;0;0;1 281;0;0;354;8;446;0;0;0;1;2;542;1 353;2 634;31 048
2014;Sud-ouest;Poitou-Charentes;86;Vienne;3;479;257;15;41;26;5;25;136;197;200;227;1 351;281;700;333;972;0;170;1 967;545;35;2 022;274;14;0;10;8;1 213;8 536;34;0;34;8 570;1 942;6;4;0;0;1 952;98;0;0;8;9;115;0;836;559;0;0;1 395;0;0;161;120;292;0;1;27;56;2;318;977;2 372;14 360
2014;Sud-ouest;Limousin;87;Haute-Vienne;4;448;333;2;8;1;7;23;91;177;91;297;1 145;502;1 587;549;1 742;0;222;3 234;681;34;2 033;316;10;0;18;14;0;10 928;1 809;24;1 833;12 761;1 368;0;3;0;0;1 371;135;119;3;24;0;281;439;68;228;7;10;752;0;0;203;169;50;0;3;131;1;0;1;558;1 310;16 868
2014;Est;Lorraine;88;Vosges;3;899;494;7;10;67;0;12;354;215;302;1;1 867;544;2 502;0;2 644;45;521;5 717;2 314;0;2 827;743;11;0;22;18;0;17 890;582;43;625;18 515;1 643;5;0;1;0;1 649;92;200;78;42;0;412;422;0;64;0;0;486;48;48;551;1 729;368;0;0;33;14;0;515;3 258;3 744;26 187
2014;Est;Bourgogne;89;Yonne;3;583;361;9;11;21;14;27;147;432;255;388;1 887;138;357;409;1 880;0;96;9 213;1 494;20;2 373;34;14;0;34;16;0;16 062;2 244;23;2 267;18 329;1 525;1;4;1;127;1 658;95;194;86;30;0;405;192;294;31;2;0;519;0;0;378;0;301;0;3;38;14;3;161;898;1 417;23 696
2014;Est;Franche-Comté;90;Territoire-de-Belfort;5;195;100;3;11;13;0;4;238;156;75;146;841;702;0;320;16;4;0;2 195;155;0;2 550;20;7;0;15;2;7;5 991;390;1;391;6 382;582;0;0;0;0;582;84;98;38;22;0;242;248;53;173;0;0;474;0;0;289;288;34;17;12;48;0;1;168;857;1 331;9 378
2014;Île-de-France;Île-de-France;91;Essonne;1;1 139;235;92;116;55;0;13;937;1 256;391;319;4 318;878;7 966;2 010;8 452;0;693;27 184;1 549;403;13 542;0;29;0;59;55;3 984;66 749;3 475;76;3 551;70 300;4 545;1;1;4;0;4 551;581;480;0;80;2;1 143;1 502;54;572;1;0;2 129;61;39;812;2 734;262;434;11;0;8;2;1 607;5 931;8 060;88 372
2014;Île-de-France;Île-de-France;95;Val-d'Oise;1;998;181;11;110;37;5;5;1 866;1 202;59;458;4 751;0;10 194;0;16 202;0;0;12 957;13 779;0;19 579;2 070;7;0;597;67;0;75 385;4 160;2 127;6 287;81 672;4 559;18;2;6;0;4 585;796;362;132;47;0;1 337;478;2 107;506;3;21;3 115;0;0;787;1 003;27;6;31;186;22;0;2 008;4 070;7 185;99 530
2014;Antilles;Guadeloupe;971;Guadeloupe;3;274;0;2;2;22;9;2;43;233;1 224;8;1 819;223;35;9;21;13;423;4 811;1 257;48;5 282;15;4;25;468;0;43;12 677;146;11;157;12 834;3 210;0;4;56;0;3 270;13;0;6;9;47;75;25;68;348;0;0;441;0;0;120;5;9;29;6;1;0;0;291;461;902;18 900
2014;Antilles;Martinique;972;Martinique;3;552;;8;25;30;5;28;198;281;540;188;1 855;409;1 841;318;2 056;6;360;5 695;1 569;28;2 729;370;18;8;97;0;160;15 664;914;90;1 004;16 668;1 905;3;2;15;7;1 932;142;70;44;19;13;288;231;439;126;27;1;824;202;0;294;337;174;7;12;50;80;2;396;1 554;2 378;23 121
2014;Guyane;Guyane;973;Guyane;4;80;0;0;11;0;0;0;115;98;1 029;188;1 521;118;288;279;925;0;61;1 809;1 370;1 140;1 914;251;13;34;251;0;1 551;10 004;9;3;12;10 016;1 798;0;0;14;0;1 812;9;0;21;3;4;37;9;0;52;3;0;64;2;0;491;484;15;19;2;0;5;0;25;1 043;1 107;14 493
2014;Océan indien;Réunion;974;Réunion;1;450;6;6;25;38;5;4;506;351;2 214;1 279;4 878;614;2 121;828;4 792;9;527;6 043;2 358;74;13 732;1 398;35;40;108;7;1 519;34 198;138;118;256;34 454;3 998;0;1;2;3;4 004;15;13;22;6;3;59;45;59;194;10;1;309;204;0;131;19;31;49;9;4;35;3;826;1 311;1 620;45 015
2014;Océan indien;Mayotte;976;Mayotte;4;153;0;0;27;0;0;0;36;60;366;141;783;73;5 351;1;1 337;0;159;1 749;1 653;0;1 578;93;0;41;0;0;0;12 035;0;2;2;12 037;1 025;0;0;189;0;1 214;6;0;9;0;0;15;0;16;25;0;0;41;0;0;15;0;54;58;5;0;0;0;64;196;237;14 286
